,id,pos,category,stereotype,lemma,level,off_nonoff,term-or-expression,explicit-or-implicit,en-contextual-label,en-hate-label
0,EN858,n,an,no,sucker,inclusive,0.99970684,term,explicit,1.0,0
1,EN858,n,cds,no,sucker,conservative,0.99970684,term,explicit,1.0,0
2,EN858,n,asf,no,sucker,conservative,0.99970684,term,explicit,1.0,0
3,EN858,n,ps,yes,sucker,conservative,0.99970684,term,explicit,1.0,0
4,EN858,n,asm,no,sucker,conservative,0.99970684,term,explicit,1.0,0
5,EN858,n,ddp,yes,sucker,conservative,0.99970684,term,explicit,1.0,0
6,EN858,n,an,no,sucker,conservative,0.99970684,term,explicit,1.0,0
7,EN4964,n,dmc,yes,deceiver,conservative,0.78269834,expression,explicit,0.0,0
8,EN19,n,dmc,yes,abject,inclusive,0.54344854,term,explicit,1.0,0
9,EN7559,a,dmc,yes,abject,conservative,-0.079926126,term,explicit,1.0,0
10,EN7315,a,cds,no,fascist,inclusive,0.42207066,term,explicit,0.0,partyism
11,EN3808,n,cds,no,fascist,conservative,0.70326993,term,explicit,0.0,partyism
12,EN3808,n,ps,yes,fascist,inclusive,0.70326993,term,explicit,0.0,partyism
13,EN896,n,an,no,whore,conservative,2.3926588,term,explicit,0.0,sexism
14,EN896,n,an,no,whore,conservative,2.3926588,term,explicit,1.0,sexism
15,EN896,n,an,no,whore,conservative,2.3926588,term,explicit,1.0,sexism
16,EN896,n,pr,no,whore,conservative,2.3926588,term,explicit,0.0,sexism
17,EN896,n,pr,no,whore,conservative,2.3926588,term,explicit,1.0,sexism
18,EN896,n,pr,no,whore,conservative,2.3926588,term,explicit,1.0,sexism
19,EN5066,n,re,no,murderer,inclusive,1.6137534,term,explicit,1.0,0
20,EN5066,n,re,no,murderer,inclusive,1.6137534,term,explicit,1.0,0
21,EN1918,n,cds,no,retard,inclusive,1.9264918,term,explicit,0.0,0
22,EN1918,n,cds,no,retard,inclusive,1.9264918,term,explicit,0.0,0
23,EN1918,n,cds,no,retard,inclusive,1.9264918,term,explicit,0.0,0
24,EN1918,n,cds,no,retard,inclusive,1.9264918,term,explicit,0.0,0
25,EN1918,n,cds,no,retard,inclusive,1.9264918,expression,explicit,1.0,0
26,EN1918,n,ddp,yes,retard,conservative,1.9264918,term,explicit,0.0,0
27,EN1918,n,ddp,yes,retard,conservative,1.9264918,term,explicit,0.0,0
28,EN1918,n,ddp,yes,retard,conservative,1.9264918,term,explicit,0.0,0
29,EN1918,n,ddp,yes,retard,conservative,1.9264918,term,explicit,0.0,0
30,EN1918,n,ddp,yes,retard,conservative,1.9264918,expression,explicit,1.0,0
31,EN1918,n,asf,no,retard,conservative,1.9264918,term,explicit,0.0,0
32,EN1918,n,asf,no,retard,conservative,1.9264918,term,explicit,0.0,0
33,EN1918,n,asf,no,retard,conservative,1.9264918,term,explicit,0.0,0
34,EN1918,n,asf,no,retard,conservative,1.9264918,term,explicit,0.0,0
35,EN1918,n,asf,no,retard,conservative,1.9264918,expression,explicit,1.0,0
36,EN1918,n,ps,yes,retard,conservative,1.9264918,term,explicit,0.0,0
37,EN1918,n,ps,yes,retard,conservative,1.9264918,term,explicit,0.0,0
38,EN1918,n,ps,yes,retard,conservative,1.9264918,term,explicit,0.0,0
39,EN1918,n,ps,yes,retard,conservative,1.9264918,term,explicit,0.0,0
40,EN1918,n,ps,yes,retard,conservative,1.9264918,expression,explicit,1.0,0
41,EN1918,n,ddp,yes,retard,inclusive,1.9264918,term,explicit,0.0,0
42,EN1918,n,ddp,yes,retard,inclusive,1.9264918,term,explicit,0.0,0
43,EN1918,n,ddp,yes,retard,inclusive,1.9264918,term,explicit,0.0,0
44,EN1918,n,ddp,yes,retard,inclusive,1.9264918,term,explicit,0.0,0
45,EN1918,n,ddp,yes,retard,inclusive,1.9264918,expression,explicit,1.0,0
46,EN1918,n,asm,no,retard,inclusive,1.9264918,term,explicit,0.0,0
47,EN1918,n,asm,no,retard,inclusive,1.9264918,term,explicit,0.0,0
48,EN1918,n,asm,no,retard,inclusive,1.9264918,term,explicit,0.0,0
49,EN1918,n,asm,no,retard,inclusive,1.9264918,term,explicit,0.0,0
50,EN1918,n,asm,no,retard,inclusive,1.9264918,expression,explicit,1.0,0
51,EN5045,a,ddp,yes,incompetent,conservative,1.4197153,term,explicit,0.0,0
52,EN4909,n,an,no,incompetent,conservative,1.6904732,term,explicit,0.0,0
53,EN4909,n,ddp,yes,incompetent,conservative,1.6904732,term,explicit,0.0,0
54,EN870,n,ddp,yes,stupid,conservative,3.3238818,term,explicit,1.0,0
55,EN870,n,ddp,yes,stupid,conservative,3.3238818,term,explicit,1.0,0
56,EN870,n,ddp,yes,stupid,conservative,3.3238818,term,explicit,1.0,0
57,EN870,n,ddp,yes,stupid,conservative,3.3238818,term,explicit,0.0,0
58,EN870,n,ddp,yes,stupid,conservative,3.3238818,term,explicit,1.0,0
59,EN870,n,ddp,yes,stupid,conservative,3.3238818,term,explicit,1.0,0
60,EN870,n,cds,no,stupid,conservative,3.3238818,term,explicit,1.0,0
61,EN870,n,cds,no,stupid,conservative,3.3238818,term,explicit,1.0,0
62,EN870,n,cds,no,stupid,conservative,3.3238818,term,explicit,1.0,0
63,EN870,n,cds,no,stupid,conservative,3.3238818,term,explicit,0.0,0
64,EN870,n,cds,no,stupid,conservative,3.3238818,term,explicit,1.0,0
65,EN870,n,cds,no,stupid,conservative,3.3238818,term,explicit,1.0,0
66,EN870,n,or,no,stupid,conservative,3.3238818,term,explicit,1.0,0
67,EN870,n,or,no,stupid,conservative,3.3238818,term,explicit,1.0,0
68,EN870,n,or,no,stupid,conservative,3.3238818,term,explicit,1.0,0
69,EN870,n,or,no,stupid,conservative,3.3238818,term,explicit,0.0,0
70,EN870,n,or,no,stupid,conservative,3.3238818,term,explicit,1.0,0
71,EN870,n,or,no,stupid,conservative,3.3238818,term,explicit,1.0,0
72,EN1055,a,ddp,yes,stupid,conservative,3.1918846,term,explicit,1.0,0
73,EN1055,a,ddp,yes,stupid,conservative,3.1918846,term,explicit,1.0,0
74,EN1055,a,ddp,yes,stupid,conservative,3.1918846,term,explicit,1.0,0
75,EN1055,a,ddp,yes,stupid,conservative,3.1918846,term,explicit,0.0,0
76,EN1055,a,ddp,yes,stupid,conservative,3.1918846,term,explicit,1.0,0
77,EN1055,a,ddp,yes,stupid,conservative,3.1918846,term,explicit,1.0,0
78,EN1055,a,cds,no,stupid,conservative,3.1918846,term,explicit,1.0,0
79,EN1055,a,cds,no,stupid,conservative,3.1918846,term,explicit,1.0,0
80,EN1055,a,cds,no,stupid,conservative,3.1918846,term,explicit,1.0,0
81,EN1055,a,cds,no,stupid,conservative,3.1918846,term,explicit,0.0,0
82,EN1055,a,cds,no,stupid,conservative,3.1918846,term,explicit,1.0,0
83,EN1055,a,cds,no,stupid,conservative,3.1918846,term,explicit,1.0,0
84,EN2442,n,om,no,fag,conservative,2.1958758,term,explicit,1.0,homophobia
85,EN2442,n,om,no,fag,inclusive,2.1958758,term,explicit,1.0,homophobia
86,EN2442,n,or,no,fag,conservative,2.1958758,term,explicit,1.0,homophobia
87,EN722,n,dmc,yes,bandit,conservative,-0.29934785,expression,explicit,1.0,0
88,EN722,n,cds,no,bandit,inclusive,-0.29934785,expression,explicit,1.0,0
89,EN722,n,cds,no,bandit,conservative,-0.29934785,expression,explicit,1.0,0
90,EN543,n,asm,no,ass,conservative,3.0799801,term,explicit,1.0,0
91,EN543,n,asm,no,ass,conservative,3.0799801,term,explicit,0.0,0
92,EN543,n,an,no,ass,inclusive,3.0799801,term,explicit,1.0,0
93,EN543,n,an,no,ass,inclusive,3.0799801,term,explicit,0.0,0
94,EN543,n,om,no,ass,inclusive,3.0799801,term,explicit,1.0,0
95,EN543,n,om,no,ass,inclusive,3.0799801,term,explicit,0.0,0
96,EN4332,a,cds,no,sly,inclusive,0.54807387,term,explicit,1.0,0
97,EN4332,a,cds,no,sly,inclusive,0.54807387,term,explicit,1.0,0
98,EN4332,a,cds,no,sly,inclusive,0.54807387,term,explicit,1.0,0
99,EN4332,a,cds,no,sly,conservative,0.54807387,term,explicit,1.0,0
100,EN4332,a,cds,no,sly,conservative,0.54807387,term,explicit,1.0,0
101,EN4332,a,cds,no,sly,conservative,0.54807387,term,explicit,1.0,0
102,EN1893,n,ddp,yes,imbecile,conservative,1.8917299,term,explicit,1.0,0
103,EN1893,n,ddp,yes,imbecile,conservative,1.8917299,term,explicit,1.0,0
104,EN1893,n,asm,no,imbecile,inclusive,1.8917299,term,explicit,1.0,0
105,EN1893,n,asm,no,imbecile,inclusive,1.8917299,term,explicit,1.0,0
106,EN1893,n,cds,no,imbecile,inclusive,1.8917299,term,explicit,1.0,0
107,EN1893,n,cds,no,imbecile,inclusive,1.8917299,term,explicit,1.0,0
108,EN1893,n,asf,no,imbecile,conservative,1.8917299,term,explicit,1.0,0
109,EN1893,n,asf,no,imbecile,conservative,1.8917299,term,explicit,1.0,0
110,EN1893,n,ps,yes,imbecile,conservative,1.8917299,term,explicit,1.0,0
111,EN1893,n,ps,yes,imbecile,conservative,1.8917299,term,explicit,1.0,0
112,EN1893,n,ddp,yes,imbecile,inclusive,1.8917299,term,explicit,1.0,0
113,EN1893,n,ddp,yes,imbecile,inclusive,1.8917299,term,explicit,1.0,0
114,EN7397,a,is,yes,pathetic,conservative,2.2298695,term,explicit,0.0,0
115,EN7397,a,is,yes,pathetic,conservative,2.2298695,term,explicit,0.0,0
116,EN7397,a,qas,no,pathetic,conservative,2.2298695,term,explicit,0.0,0
117,EN7397,a,qas,no,pathetic,conservative,2.2298695,term,explicit,0.0,0
118,EN1057,a,ddp,yes,dumb,conservative,1.676346,term,explicit,1.0,0
119,EN1057,a,ddp,yes,dumb,conservative,1.676346,expression,explicit,0.0,0
120,EN1057,a,ddp,yes,dumb,conservative,1.676346,term,explicit,0.0,0
121,EN1057,a,ddp,yes,dumb,conservative,1.676346,term,explicit,1.0,0
122,EN1057,a,ddp,yes,dumb,conservative,1.676346,term,explicit,0.0,0
123,EN1057,a,ddp,yes,dumb,conservative,1.676346,term,explicit,0.0,0
124,EN1057,a,ddp,yes,dumb,conservative,1.676346,expression,implicit,1.0,0
125,EN1057,a,cds,no,dumb,conservative,1.676346,term,explicit,1.0,0
126,EN1057,a,cds,no,dumb,conservative,1.676346,expression,explicit,0.0,0
127,EN1057,a,cds,no,dumb,conservative,1.676346,term,explicit,0.0,0
128,EN1057,a,cds,no,dumb,conservative,1.676346,term,explicit,1.0,0
129,EN1057,a,cds,no,dumb,conservative,1.676346,term,explicit,0.0,0
130,EN1057,a,cds,no,dumb,conservative,1.676346,term,explicit,0.0,0
131,EN1057,a,cds,no,dumb,conservative,1.676346,expression,implicit,1.0,0
132,EN1909,n,ddp,yes,moron,conservative,3.4696771,term,explicit,1.0,0
133,EN1909,n,ddp,yes,moron,conservative,3.4696771,term,explicit,1.0,0
134,EN1909,n,ddp,yes,moron,inclusive,3.4696771,term,explicit,1.0,0
135,EN1909,n,ddp,yes,moron,inclusive,3.4696771,term,explicit,1.0,0
136,EN1909,n,ps,yes,moron,conservative,3.4696771,term,explicit,1.0,0
137,EN1909,n,ps,yes,moron,conservative,3.4696771,term,explicit,1.0,0
138,EN1909,n,asm,no,moron,inclusive,3.4696771,term,explicit,1.0,0
139,EN1909,n,asm,no,moron,inclusive,3.4696771,term,explicit,1.0,0
140,EN1909,n,cds,no,moron,inclusive,3.4696771,term,explicit,1.0,0
141,EN1909,n,cds,no,moron,inclusive,3.4696771,term,explicit,1.0,0
142,EN1909,n,asf,no,moron,conservative,3.4696771,term,explicit,1.0,0
143,EN1909,n,asf,no,moron,conservative,3.4696771,term,explicit,1.0,0
144,EN534,n,ddp,yes,dumbass,conservative,2.2690002,term,explicit,0.0,0
145,EN534,n,ddp,yes,dumbass,conservative,2.2690002,term,explicit,0.0,0
146,EN534,n,ddp,yes,dumbass,conservative,2.2690002,term,explicit,0.0,0
147,EN534,n,ddp,yes,dumbass,conservative,2.2690002,term,explicit,0.0,0
148,EN534,n,ddp,yes,dumbass,conservative,2.2690002,term,explicit,0.0,0
149,EN534,n,ddp,yes,dumbass,conservative,2.2690002,term,explicit,0.0,0
150,EN534,n,ddp,yes,dumbass,conservative,2.2690002,expression,explicit,1.0,0
151,EN534,n,or,no,dumbass,conservative,2.2690002,term,explicit,0.0,0
152,EN534,n,or,no,dumbass,conservative,2.2690002,term,explicit,0.0,0
153,EN534,n,or,no,dumbass,conservative,2.2690002,term,explicit,0.0,0
154,EN534,n,or,no,dumbass,conservative,2.2690002,term,explicit,0.0,0
155,EN534,n,or,no,dumbass,conservative,2.2690002,term,explicit,0.0,0
156,EN534,n,or,no,dumbass,conservative,2.2690002,term,explicit,0.0,0
157,EN534,n,or,no,dumbass,conservative,2.2690002,expression,explicit,1.0,0
158,EN534,n,asf,no,dumbass,conservative,2.2690002,term,explicit,0.0,0
159,EN534,n,asf,no,dumbass,conservative,2.2690002,term,explicit,0.0,0
160,EN534,n,asf,no,dumbass,conservative,2.2690002,term,explicit,0.0,0
161,EN534,n,asf,no,dumbass,conservative,2.2690002,term,explicit,0.0,0
162,EN534,n,asf,no,dumbass,conservative,2.2690002,term,explicit,0.0,0
163,EN534,n,asf,no,dumbass,conservative,2.2690002,term,explicit,0.0,0
164,EN534,n,asf,no,dumbass,conservative,2.2690002,expression,explicit,1.0,0
165,EN534,n,an,no,dumbass,conservative,2.2690002,term,explicit,0.0,0
166,EN534,n,an,no,dumbass,conservative,2.2690002,term,explicit,0.0,0
167,EN534,n,an,no,dumbass,conservative,2.2690002,term,explicit,0.0,0
168,EN534,n,an,no,dumbass,conservative,2.2690002,term,explicit,0.0,0
169,EN534,n,an,no,dumbass,conservative,2.2690002,term,explicit,0.0,0
170,EN534,n,an,no,dumbass,conservative,2.2690002,term,explicit,0.0,0
171,EN534,n,an,no,dumbass,conservative,2.2690002,expression,explicit,1.0,0
172,EN1888,n,an,no,coward,conservative,1.6346885,term,explicit,1.0,0
173,EN1888,n,an,no,coward,conservative,1.6346885,term,explicit,0.0,0
174,EN1888,n,an,no,coward,conservative,1.6346885,term,explicit,0.0,0
175,EN1888,n,cds,no,coward,conservative,1.6346885,term,explicit,1.0,0
176,EN1888,n,cds,no,coward,conservative,1.6346885,term,explicit,0.0,0
177,EN1888,n,cds,no,coward,conservative,1.6346885,term,explicit,0.0,0
178,EN7132,a,cds,no,coward,conservative,1.221767,term,explicit,1.0,0
179,EN7132,a,cds,no,coward,conservative,1.221767,term,explicit,0.0,0
180,EN7132,a,cds,no,coward,conservative,1.221767,term,explicit,0.0,0
181,EN3729,n,cds,no,fanatic,conservative,-0.016335109,term,explicit,0.0,0
182,EN3729,n,cds,no,fanatic,conservative,-0.016335109,term,explicit,0.0,0
183,EN3196,n,dmc,yes,hypocrite,conservative,2.4136389,expression,explicit,1.0,0
184,EN3196,n,dmc,yes,hypocrite,conservative,2.4136389,term,explicit,1.0,0
185,EN1934,n,an,no,bitch,inclusive,3.2622911,term,explicit,1.0,0
186,EN1934,n,an,no,bitch,inclusive,3.2622911,expression,explicit,1.0,0
187,EN1934,n,an,no,bitch,inclusive,3.2622911,term,explicit,0.0,sexism
188,EN1934,n,an,no,bitch,inclusive,3.2622911,term,explicit,0.0,sexism
189,EN1934,n,an,no,bitch,inclusive,3.2622911,term,explicit,0.0,sexism
190,EN1934,n,an,no,bitch,inclusive,3.2622911,term,explicit,1.0,sexism
191,EN1934,n,an,no,bitch,inclusive,3.2622911,term,explicit,1.0,0
192,EN1934,n,an,no,bitch,inclusive,3.2622911,term,explicit,0.0,sexism
193,EN1934,n,an,no,bitch,inclusive,3.2622911,term,explicit,1.0,0
194,EN1934,n,an,no,bitch,inclusive,3.2622911,term,explicit,0.0,0
195,EN1934,n,pr,no,bitch,conservative,3.2622911,term,explicit,1.0,0
196,EN1934,n,pr,no,bitch,conservative,3.2622911,expression,explicit,1.0,0
197,EN1934,n,pr,no,bitch,conservative,3.2622911,term,explicit,0.0,sexism
198,EN1934,n,pr,no,bitch,conservative,3.2622911,term,explicit,0.0,sexism
199,EN1934,n,pr,no,bitch,conservative,3.2622911,term,explicit,0.0,sexism
200,EN1934,n,pr,no,bitch,conservative,3.2622911,term,explicit,1.0,sexism
201,EN1934,n,pr,no,bitch,conservative,3.2622911,term,explicit,1.0,0
202,EN1934,n,pr,no,bitch,conservative,3.2622911,term,explicit,0.0,sexism
203,EN1934,n,pr,no,bitch,conservative,3.2622911,term,explicit,1.0,0
204,EN1934,n,pr,no,bitch,conservative,3.2622911,term,explicit,0.0,0
205,EN1934,n,an,no,bitch,conservative,3.2622911,term,explicit,1.0,0
206,EN1934,n,an,no,bitch,conservative,3.2622911,expression,explicit,1.0,0
207,EN1934,n,an,no,bitch,conservative,3.2622911,term,explicit,0.0,sexism
208,EN1934,n,an,no,bitch,conservative,3.2622911,term,explicit,0.0,sexism
209,EN1934,n,an,no,bitch,conservative,3.2622911,term,explicit,0.0,sexism
210,EN1934,n,an,no,bitch,conservative,3.2622911,term,explicit,1.0,sexism
211,EN1934,n,an,no,bitch,conservative,3.2622911,term,explicit,1.0,0
212,EN1934,n,an,no,bitch,conservative,3.2622911,term,explicit,0.0,sexism
213,EN1934,n,an,no,bitch,conservative,3.2622911,term,explicit,1.0,0
214,EN1934,n,an,no,bitch,conservative,3.2622911,term,explicit,0.0,0
215,EN6994,a,dmc,yes,bastard,conservative,2.9925045,term,explicit,1.0,0
216,EN6994,a,dmc,yes,bastard,conservative,2.9925045,term,explicit,1.0,0
217,EN1298,n,cds,no,bastard,conservative,3.3992381,term,explicit,1.0,0
218,EN1298,n,cds,no,bastard,conservative,3.3992381,term,explicit,1.0,0
219,EN1298,n,cds,no,bastard,inclusive,3.3992381,term,explicit,1.0,0
220,EN1298,n,cds,no,bastard,inclusive,3.3992381,term,explicit,1.0,0
221,EN1298,n,ddp,yes,bastard,conservative,3.3992381,term,explicit,1.0,0
222,EN1298,n,ddp,yes,bastard,conservative,3.3992381,term,explicit,1.0,0
223,EN7400,a,is,yes,miserable,conservative,1.726994,term,explicit,0.0,0
224,EN7400,a,is,yes,miserable,conservative,1.726994,term,explicit,0.0,0
225,EN7400,a,is,yes,miserable,conservative,1.726994,term,explicit,1.0,0
226,EN7400,a,is,yes,miserable,conservative,1.726994,term,explicit,1.0,0
227,EN7400,a,dmc,yes,miserable,conservative,1.726994,term,explicit,0.0,0
228,EN7400,a,dmc,yes,miserable,conservative,1.726994,term,explicit,0.0,0
229,EN7400,a,dmc,yes,miserable,conservative,1.726994,term,explicit,1.0,0
230,EN7400,a,dmc,yes,miserable,conservative,1.726994,term,explicit,1.0,0
231,EN7400,a,qas,no,miserable,conservative,1.726994,term,explicit,0.0,0
232,EN7400,a,qas,no,miserable,conservative,1.726994,term,explicit,0.0,0
233,EN7400,a,qas,no,miserable,conservative,1.726994,term,explicit,1.0,0
234,EN7400,a,qas,no,miserable,conservative,1.726994,term,explicit,1.0,0
235,EN6840,a,om,no,abnormal,inclusive,-1.0275109,term,explicit,1.0,0
236,EN6840,a,om,no,abnormal,inclusive,-1.0275109,term,explicit,1.0,0
237,EN6840,a,om,no,abnormal,inclusive,-1.0275109,term,explicit,0.0,0
238,EN5196,a,svp,no,jealous,conservative,1.2121683,term,explicit,1.0,0
239,EN5196,a,svp,no,jealous,conservative,1.2121683,term,explicit,1.0,0
240,EN5196,a,svp,no,jealous,conservative,1.2121683,term,explicit,1.0,0
241,EN5196,a,svp,no,jealous,conservative,1.2121683,term,explicit,1.0,0
242,EN3928,n,cds,no,freak,conservative,1.2488937,term,explicit,1.0,0
243,EN1307,n,asm,no,prick,inclusive,0.99978521,term,explicit,1.0,0
244,EN1307,n,asm,no,prick,inclusive,0.99978521,term,explicit,1.0,0
245,EN1307,n,asm,no,prick,inclusive,0.99978521,term,explicit,1.0,0
246,EN1307,n,cds,no,prick,conservative,0.99978521,term,explicit,1.0,0
247,EN1307,n,cds,no,prick,conservative,0.99978521,term,explicit,1.0,0
248,EN1307,n,cds,no,prick,conservative,0.99978521,term,explicit,1.0,0
249,EN1307,n,asm,no,prick,conservative,0.99978521,term,explicit,1.0,0
250,EN1307,n,asm,no,prick,conservative,0.99978521,term,explicit,1.0,0
251,EN1307,n,asm,no,prick,conservative,0.99978521,term,explicit,1.0,0
252,EN1307,n,ddp,yes,prick,conservative,0.99978521,term,explicit,1.0,0
253,EN1307,n,ddp,yes,prick,conservative,0.99978521,term,explicit,1.0,0
254,EN1307,n,ddp,yes,prick,conservative,0.99978521,term,explicit,1.0,0
255,EN1318,n,om,no,arse,inclusive,1.9962293,term,explicit,1.0,0
256,EN1318,n,cds,no,arse,conservative,1.9962293,term,explicit,1.0,0
257,EN1318,n,ddp,yes,arse,conservative,1.9962293,term,explicit,1.0,0
258,EN2455,n,om,no,faggot,conservative,2.0539746,term,explicit,1.0,homophobia
259,EN2455,n,om,no,faggot,conservative,2.0539746,term,explicit,1.0,homophobia
260,EN2455,n,om,no,faggot,conservative,2.0539746,term,explicit,1.0,homophobia
261,EN2455,n,om,no,faggot,conservative,2.0539746,term,explicit,0.0,homophobia
262,EN2455,n,om,no,faggot,conservative,2.0539746,term,explicit,0.0,homophobia
263,EN2455,n,om,no,faggot,conservative,2.0539746,term,explicit,0.0,homophobia
264,EN2455,n,om,no,faggot,conservative,2.0539746,term,explicit,0.0,homophobia
265,EN2455,n,om,no,faggot,conservative,2.0539746,term,explicit,0.0,homophobia
266,EN2455,n,om,no,faggot,conservative,2.0539746,term,explicit,0.0,homophobia
267,EN2455,n,om,no,faggot,conservative,2.0539746,term,explicit,1.0,0
268,EN2455,n,om,no,faggot,inclusive,2.0539746,term,explicit,1.0,homophobia
269,EN2455,n,om,no,faggot,inclusive,2.0539746,term,explicit,1.0,homophobia
270,EN2455,n,om,no,faggot,inclusive,2.0539746,term,explicit,1.0,homophobia
271,EN2455,n,om,no,faggot,inclusive,2.0539746,term,explicit,0.0,homophobia
272,EN2455,n,om,no,faggot,inclusive,2.0539746,term,explicit,0.0,homophobia
273,EN2455,n,om,no,faggot,inclusive,2.0539746,term,explicit,0.0,homophobia
274,EN2455,n,om,no,faggot,inclusive,2.0539746,term,explicit,0.0,homophobia
275,EN2455,n,om,no,faggot,inclusive,2.0539746,term,explicit,0.0,homophobia
276,EN2455,n,om,no,faggot,inclusive,2.0539746,term,explicit,0.0,homophobia
277,EN2455,n,om,no,faggot,inclusive,2.0539746,term,explicit,1.0,0
278,EN2455,n,or,no,faggot,conservative,2.0539746,term,explicit,1.0,homophobia
279,EN2455,n,or,no,faggot,conservative,2.0539746,term,explicit,1.0,homophobia
280,EN2455,n,or,no,faggot,conservative,2.0539746,term,explicit,1.0,homophobia
281,EN2455,n,or,no,faggot,conservative,2.0539746,term,explicit,0.0,homophobia
282,EN2455,n,or,no,faggot,conservative,2.0539746,term,explicit,0.0,homophobia
283,EN2455,n,or,no,faggot,conservative,2.0539746,term,explicit,0.0,homophobia
284,EN2455,n,or,no,faggot,conservative,2.0539746,term,explicit,0.0,homophobia
285,EN2455,n,or,no,faggot,conservative,2.0539746,term,explicit,0.0,homophobia
286,EN2455,n,or,no,faggot,conservative,2.0539746,term,explicit,0.0,homophobia
287,EN2455,n,or,no,faggot,conservative,2.0539746,term,explicit,1.0,0
288,EN4916,a,ddp,yes,ignorant,conservative,1.0007477,term,explicit,1.0,0
289,EN4919,n,ddp,yes,ignorant,conservative,1.491722,term,explicit,1.0,0
290,EN413,n,an,no,beast,inclusive,0.69259453,term,explicit,0.0,0
291,EN413,n,an,no,beast,inclusive,0.69259453,term,explicit,1.0,0
292,EN413,n,an,no,beast,inclusive,0.69259453,term,explicit,1.0,0
293,EN413,n,an,no,beast,inclusive,0.69259453,term,explicit,1.0,0
294,EN413,n,an,no,beast,inclusive,0.69259453,term,explicit,0.0,0
295,EN413,n,ddp,yes,beast,inclusive,0.69259453,term,explicit,0.0,0
296,EN413,n,ddp,yes,beast,inclusive,0.69259453,term,explicit,1.0,0
297,EN413,n,ddp,yes,beast,inclusive,0.69259453,term,explicit,1.0,0
298,EN413,n,ddp,yes,beast,inclusive,0.69259453,term,explicit,1.0,0
299,EN413,n,ddp,yes,beast,inclusive,0.69259453,term,explicit,0.0,0
300,EN413,n,ddp,yes,beast,conservative,0.69259453,term,explicit,0.0,0
301,EN413,n,ddp,yes,beast,conservative,0.69259453,term,explicit,1.0,0
302,EN413,n,ddp,yes,beast,conservative,0.69259453,term,explicit,1.0,0
303,EN413,n,ddp,yes,beast,conservative,0.69259453,term,explicit,1.0,0
304,EN413,n,ddp,yes,beast,conservative,0.69259453,term,explicit,0.0,0
305,EN413,n,an,no,beast,conservative,0.69259453,term,explicit,0.0,0
306,EN413,n,an,no,beast,conservative,0.69259453,term,explicit,1.0,0
307,EN413,n,an,no,beast,conservative,0.69259453,term,explicit,1.0,0
308,EN413,n,an,no,beast,conservative,0.69259453,term,explicit,1.0,0
309,EN413,n,an,no,beast,conservative,0.69259453,term,explicit,0.0,0
310,EN7422,a,dmc,yes,stinky,conservative,2.5190451,term,explicit,0.0,0
311,EN7422,a,dmc,yes,stinky,conservative,2.5190451,term,explicit,0.0,0
312,EN7422,a,dmc,yes,stinky,conservative,2.5190451,term,explicit,0.0,0
313,EN7422,a,dmc,yes,stinky,conservative,2.5190451,term,explicit,0.0,0
314,EN1783,a,ddf,yes,wretched,conservative,1.0012458,term,explicit,1.0,0
315,EN1783,a,is,yes,wretched,conservative,1.0012458,term,explicit,1.0,0
316,EN1783,a,dmc,yes,wretched,conservative,1.0012458,term,explicit,1.0,0
317,EN1783,a,qas,no,wretched,conservative,1.0012458,term,explicit,1.0,0
318,EN2936,n,cds,no,demagogue,conservative,0.7431994,term,explicit,0.0,0
319,EN2936,n,cds,no,demagogue,conservative,0.7431994,term,explicit,0.0,0
320,EN1779,a,dmc,yes,worthless,conservative,1.3639844,expression,explicit,0.0,0
321,EN1779,a,dmc,yes,worthless,conservative,1.3639844,expression,explicit,1.0,0
322,EN1779,a,dmc,yes,worthless,conservative,1.3639844,term,explicit,0.0,0
323,EN1779,a,ddf,yes,worthless,conservative,1.3639844,expression,explicit,0.0,0
324,EN1779,a,ddf,yes,worthless,conservative,1.3639844,expression,explicit,1.0,0
325,EN1779,a,ddf,yes,worthless,conservative,1.3639844,term,explicit,0.0,0
326,EN6487,n,re,no,torturer,inclusive,1.4318367,term,explicit,1.0,0
327,EN4266,v,asm,no,fuck,conservative,2.2390389,term,explicit,1.0,0
328,EN4266,v,asm,no,fuck,conservative,2.2390389,term,explicit,1.0,0
329,EN4266,v,asm,no,fuck,conservative,2.2390389,term,explicit,0.0,0
330,EN4266,v,asm,no,fuck,conservative,2.2390389,term,explicit,1.0,0
331,EN4266,v,asm,no,fuck,conservative,2.2390389,term,explicit,0.0,0
332,EN2353,n,asm,no,fuck,conservative,2.4959138,term,explicit,1.0,0
333,EN2353,n,asm,no,fuck,conservative,2.4959138,term,explicit,1.0,0
334,EN2353,n,asm,no,fuck,conservative,2.4959138,term,explicit,0.0,0
335,EN2353,n,asm,no,fuck,conservative,2.4959138,term,explicit,1.0,0
336,EN2353,n,asm,no,fuck,conservative,2.4959138,term,explicit,0.0,0
337,EN1297,n,ddp,yes,shit,conservative,2.3208947,term,explicit,1.0,0
338,EN1297,n,ddp,yes,shit,conservative,2.3208947,term,explicit,1.0,0
339,EN1297,n,ddp,yes,shit,conservative,2.3208947,term,explicit,0.0,0
340,EN1297,n,ddp,yes,shit,conservative,2.3208947,term,explicit,0.0,0
341,EN1297,n,cds,no,shit,conservative,2.3208947,term,explicit,1.0,0
342,EN1297,n,cds,no,shit,conservative,2.3208947,term,explicit,1.0,0
343,EN1297,n,cds,no,shit,conservative,2.3208947,term,explicit,0.0,0
344,EN1297,n,cds,no,shit,conservative,2.3208947,term,explicit,0.0,0
345,EN1297,n,an,no,shit,conservative,2.3208947,term,explicit,1.0,0
346,EN1297,n,an,no,shit,conservative,2.3208947,term,explicit,1.0,0
347,EN1297,n,an,no,shit,conservative,2.3208947,term,explicit,0.0,0
348,EN1297,n,an,no,shit,conservative,2.3208947,term,explicit,0.0,0
349,EN2206,n,cds,no,trouble,conservative,-3.6059448,term,explicit,1.0,0
350,EN7085,a,ddf,yes,blind,inclusive,-0.43307683,term,explicit,1.0,0
351,EN7085,a,ddf,yes,blind,inclusive,-0.43307683,term,explicit,1.0,0
352,EN4965,n,dmc,yes,cheater,conservative,1.5752166,term,explicit,1.0,0
353,EN1303,n,cds,no,asshole,conservative,1.8134938,term,explicit,0.0,0
354,EN1303,n,cds,no,asshole,conservative,1.8134938,term,explicit,1.0,0
355,EN1303,n,cds,no,asshole,conservative,1.8134938,expression,explicit,1.0,0
356,EN1303,n,cds,no,asshole,conservative,1.8134938,term,explicit,1.0,0
357,EN1303,n,cds,no,asshole,conservative,1.8134938,term,explicit,1.0,0
358,EN1303,n,cds,no,asshole,conservative,1.8134938,term,explicit,1.0,0
359,EN1303,n,cds,no,asshole,conservative,1.8134938,term,explicit,1.0,0
360,EN1303,n,ddp,yes,asshole,conservative,1.8134938,term,explicit,0.0,0
361,EN1303,n,ddp,yes,asshole,conservative,1.8134938,term,explicit,1.0,0
362,EN1303,n,ddp,yes,asshole,conservative,1.8134938,expression,explicit,1.0,0
363,EN1303,n,ddp,yes,asshole,conservative,1.8134938,term,explicit,1.0,0
364,EN1303,n,ddp,yes,asshole,conservative,1.8134938,term,explicit,1.0,0
365,EN1303,n,ddp,yes,asshole,conservative,1.8134938,term,explicit,1.0,0
366,EN1303,n,ddp,yes,asshole,conservative,1.8134938,term,explicit,1.0,0
367,EN7983,a,cds,no,dishonest,conservative,1.7645787,term,explicit,1.0,0
368,EN7983,a,cds,no,dishonest,conservative,1.7645787,term,explicit,1.0,0
369,EN2198,n,asm,no,cock,conservative,1.6022577,term,explicit,0.0,0
370,EN2198,n,asm,no,cock,inclusive,1.6022577,term,explicit,0.0,0
371,EN1873,n,dmc,yes,pariah,inclusive,-0.29796284,term,explicit,0.0,0
372,EN1873,n,is,yes,pariah,inclusive,-0.29796284,term,explicit,0.0,0
373,EN3676,n,dmc,yes,wickedness,conservative,0.45068899,term,explicit,1.0,0
374,EN1121,n,cds,no,crook,conservative,0.65881324,term,explicit,1.0,0
375,EN1121,n,dmc,yes,crook,inclusive,0.65881324,term,explicit,1.0,0
376,EN1121,n,re,no,crook,inclusive,0.65881324,term,explicit,1.0,0
377,EN1121,n,cds,no,crook,inclusive,0.65881324,term,explicit,1.0,0
378,EN5010,n,dmc,yes,liar,conservative,2.4938713,term,explicit,1.0,0
379,EN5010,n,dmc,yes,liar,conservative,2.4938713,term,explicit,1.0,0
380,EN5010,n,dmc,yes,liar,conservative,2.4938713,term,explicit,1.0,0
381,EN5010,n,dmc,yes,liar,conservative,2.4938713,term,explicit,1.0,0
382,EN5010,n,dmc,yes,liar,inclusive,2.4938713,term,explicit,1.0,0
383,EN5010,n,dmc,yes,liar,inclusive,2.4938713,term,explicit,1.0,0
384,EN5010,n,dmc,yes,liar,inclusive,2.4938713,term,explicit,1.0,0
385,EN5010,n,dmc,yes,liar,inclusive,2.4938713,term,explicit,1.0,0
386,EN2482,n,om,no,twink,conservative,1.0005108,term,explicit,0.0,0
387,EN1781,a,ddf,yes,vile,conservative,2.8624451,term,explicit,1.0,0
388,EN1781,a,dmc,yes,vile,conservative,2.8624451,term,explicit,1.0,0
389,EN1041,n,dmc,yes,fibber,conservative,0.58764569,term,explicit,1.0,0
390,EN1041,n,cds,no,fibber,conservative,0.58764569,term,explicit,1.0,0
391,EN6030,n,re,no,thief,inclusive,0.57462202,term,explicit,1.0,0
392,EN6030,n,re,no,thief,inclusive,0.57462202,term,explicit,1.0,0
393,EN6030,n,re,no,thief,inclusive,0.57462202,term,explicit,1.0,0
394,EN6030,n,cds,no,thief,inclusive,0.57462202,term,explicit,1.0,0
395,EN6030,n,cds,no,thief,inclusive,0.57462202,term,explicit,1.0,0
396,EN6030,n,cds,no,thief,inclusive,0.57462202,term,explicit,1.0,0
397,EN8168,n,dmc,yes,turncoat,conservative,0.49315374,expression,explicit,1.0,0
398,EN2815,n,or,no,pussy,conservative,1.9963551,term,explicit,1.0,partyism
399,EN2815,n,or,no,pussy,conservative,1.9963551,term,explicit,1.0,0
400,EN2815,n,or,no,pussy,conservative,1.9963551,term,explicit,1.0,0
401,EN2815,n,or,no,pussy,conservative,1.9963551,term,explicit,1.0,0
402,EN2815,n,or,no,pussy,conservative,1.9963551,term,explicit,1.0,0
403,EN2815,n,or,no,pussy,conservative,1.9963551,term,explicit,0.0,0
404,EN2815,n,asf,no,pussy,conservative,1.9963551,term,explicit,1.0,partyism
405,EN2815,n,asf,no,pussy,conservative,1.9963551,term,explicit,1.0,0
406,EN2815,n,asf,no,pussy,conservative,1.9963551,term,explicit,1.0,0
407,EN2815,n,asf,no,pussy,conservative,1.9963551,term,explicit,1.0,0
408,EN2815,n,asf,no,pussy,conservative,1.9963551,term,explicit,1.0,0
409,EN2815,n,asf,no,pussy,conservative,1.9963551,term,explicit,0.0,0
410,EN8181,n,dmc,yes,traitor,conservative,1.5356002,term,explicit,1.0,0
411,EN8181,n,dmc,yes,traitor,conservative,1.5356002,term,explicit,0.0,0
412,EN8181,n,dmc,yes,traitor,conservative,1.5356002,term,explicit,1.0,0
413,EN1882,n,an,no,wimp,conservative,1.4902423,expression,explicit,1.0,0
414,EN1882,n,an,no,wimp,conservative,1.4902423,term,explicit,0.0,0
415,EN1882,n,an,no,wimp,conservative,1.4902423,term,explicit,1.0,0
416,EN1882,n,an,no,wimp,conservative,1.4902423,term,explicit,1.0,0
417,EN1882,n,an,no,wimp,conservative,1.4902423,term,explicit,0.0,0
418,EN1882,n,an,no,wimp,conservative,1.4902423,term,explicit,1.0,0
419,EN1882,n,an,no,wimp,conservative,1.4902423,term,explicit,1.0,0
420,EN1882,n,cds,no,wimp,conservative,1.4902423,expression,explicit,1.0,0
421,EN1882,n,cds,no,wimp,conservative,1.4902423,term,explicit,0.0,0
422,EN1882,n,cds,no,wimp,conservative,1.4902423,term,explicit,1.0,0
423,EN1882,n,cds,no,wimp,conservative,1.4902423,term,explicit,1.0,0
424,EN1882,n,cds,no,wimp,conservative,1.4902423,term,explicit,0.0,0
425,EN1882,n,cds,no,wimp,conservative,1.4902423,term,explicit,1.0,0
426,EN1882,n,cds,no,wimp,conservative,1.4902423,term,explicit,1.0,0
427,EN6531,n,an,no,viper,inclusive,0.56502048,expression,explicit,1.0,0
428,EN6531,n,an,no,viper,inclusive,0.56502048,term,explicit,0.0,0
429,EN7525,a,dmc,yes,degenerate,conservative,-0.72228067,term,explicit,1.0,0
430,EN7525,a,dmc,yes,degenerate,conservative,-0.72228067,term,explicit,1.0,0
431,EN4966,a,dmc,yes,immoral,conservative,1.330236,expression,explicit,1.0,0
432,EN916,n,pr,no,slut,conservative,2.9309319,term,explicit,1.0,sexism
433,EN916,n,pr,no,slut,conservative,2.9309319,term,explicit,1.0,sexism
434,EN916,n,pr,no,slut,conservative,2.9309319,term,explicit,1.0,sexism
435,EN916,n,pr,no,slut,conservative,2.9309319,term,explicit,0.0,sexism
436,EN916,n,pr,no,slut,conservative,2.9309319,term,explicit,1.0,sexism
437,EN916,n,pr,no,slut,conservative,2.9309319,expression,implicit,0.0,sexism
438,EN3168,n,svp,no,aversion,inclusive,-2.1453924,term,explicit,0.0,0
439,EN1785,a,dmc,yes,despicable,conservative,2.2427071,term,explicit,1.0,0
440,EN1785,a,ddf,yes,despicable,conservative,2.2427071,term,explicit,1.0,0
441,EN645,n,cds,no,whorehouse,inclusive,0.92797655,term,explicit,0.0,sexism
442,EN7108,a,svp,no,vain,conservative,-0.12650317,term,explicit,0.0,0
443,EN7108,a,svp,no,vain,conservative,-0.12650317,term,explicit,0.0,0
444,EN3694,a,cds,no,rude,conservative,1.5698112,term,explicit,1.0,0
445,EN3694,a,cds,no,rude,conservative,1.5698112,term,explicit,1.0,0
446,EN3694,a,dmc,yes,rude,conservative,1.5698112,term,explicit,1.0,0
447,EN3694,a,dmc,yes,rude,conservative,1.5698112,term,explicit,1.0,0
448,EN7507,a,ddp,yes,dull,conservative,-0.74028685,term,explicit,1.0,0
449,EN7507,a,ddp,yes,dull,conservative,-0.74028685,term,explicit,1.0,0
450,EN1312,n,ddp,yes,motherfucker,conservative,1.4327973,expression,explicit,1.0,0
451,EN1312,n,ddp,yes,motherfucker,conservative,1.4327973,expression,explicit,1.0,0
452,EN1312,n,cds,no,motherfucker,conservative,1.4327973,expression,explicit,1.0,0
453,EN1312,n,cds,no,motherfucker,conservative,1.4327973,expression,explicit,1.0,0
454,EN6679,n,qas,no,troublemaker,conservative,0.69393986,term,explicit,1.0,0
